10121,34,81.35,5,2765.9,"5/7/2003 0:00","Shipped",2,5,2003,"Motorcycles",95,"S10_1678","Reims Collectables","26.47.1555","59 rue de l'Abbaye",,"Reims",,"51100","France","EMEA","Henriot","Paul"
10134,41,94.74,2,3884.34,"7/1/2003 0:00","Shipped",3,7,2003,"Motorcycles",95,"S10_1678","Lyon Souveniers","+33 1 46 62 7555","27 rue du Colonel Pierre Avia",,"Paris",,"75508","France","EMEA","Da Cunha","Daniel"
10145,45,83.26,6,3746.7,"8/25/2003 0:00","Shipped",3,8,2003,"Motorcycles",95,"S10_1678","Toys4GrownUps.com","6265557265","78934 Hillside Dr.",,"Pasadena","CA","90003","USA","NA","Young","Julie"
10159,49,100,14,5205.27,"10/10/2003 0:00","Shipped",4,10,2003,"Motorcycles",95,"S10_1678","Corporate Gift Ideas Co.","6505551386","7734 Strong St.",,"San Francisco","CA",,"United States","NA","Brown","Julie"
10168,36,96.66,1,3479.76,"10/28/2003 0:00","Shipped",4,10,2003,"Motorcycles",95,"S10_1678","Technics Stores Inc.","6505556809","9408 Furth Circle",,"Burlingame","CA","94217","USA","NA","Hirano","Juri"
